,ID,Age_Middle,Age_Old,Age_Young,Work_No,Work_Yes,House_No,House_Yes,loan_Fair,loan_Good,loan_perfect,approval_No,approval_Yes
0,1,0,0,1,1,0,1,0,1,0,0,1,0
1,2,0,0,1,1,0,1,0,0,1,0,1,0
2,3,0,0,1,0,1,1,0,0,1,0,0,1
3,4,0,0,1,0,1,0,1,1,0,0,0,1
4,5,0,0,1,1,0,1,0,1,0,0,1,0
5,6,1,0,0,1,0,1,0,1,0,0,1,0
6,7,1,0,0,1,0,1,0,0,1,0,1,0
7,8,1,0,0,0,1,0,1,0,1,0,0,1
8,9,1,0,0,1,0,0,1,0,0,1,0,1
9,10,1,0,0,1,0,0,1,0,0,1,0,1
10,11,0,1,0,1,0,0,1,0,0,1,0,1
11,12,0,1,0,1,0,0,1,0,1,0,0,1
12,13,0,1,0,0,1,1,0,0,1,0,0,1
13,14,0,1,0,0,1,1,0,0,0,1,0,1
14,15,0,1,0,1,0,1,0,1,0,0,1,0
